filename,chroma_stft,rmse,spectral_centroid,spectral_bandwidth,rolloff,zero_crossing_rate,mfcc1,mfcc2,mfcc3,mfcc4,mfcc5,mfcc6,mfcc7,mfcc8,mfcc9,mfcc10,mfcc11,mfcc12,mfcc13,mfcc14,mfcc15,mfcc16,mfcc17,mfcc18,mfcc19,mfcc20,label
1.wav,0.25560328364372253,0.08506851643323898,669.9069264469354,508.7411771570198,1133.8612749203646,0.04888604940136204,-282.7306213378906,224.2713165283203,1.9254251718521118,-30.273910522460938,17.000751495361328,-2.1232242584228516,-18.99787139892578,1.0058798789978027,-4.38430118560791,-16.38274383544922,1.9007984399795532,7.179214000701904,-8.591133117675781,-3.253312826156616,6.194870471954346,-6.6165313720703125,-10.68712043762207,1.931707739830017,2.0715582370758057,-3.3452041149139404,kalyani
10.wav,0.24166977405548096,0.11385674774646759,786.4925553655245,556.7399512675362,1332.1923172713925,0.06080030061521253,-267.3463439941406,257.3424987792969,-28.167016983032227,-42.845375061035156,31.024198532104492,-4.474359035491943,-27.814411163330078,8.465672492980957,2.0843069553375244,-21.366832733154297,-2.907209634780884,5.010662078857422,-7.4914469718933105,4.013158321380615,9.317723274230957,-11.686601638793945,-11.678238868713379,3.7313666343688965,-3.7033910751342773,-9.171062469482422,kalyani
11.wav,0.2397531121969223,0.1240755245089531,636.9531049858841,488.0772306361621,1044.226008940508,0.04503154244652406,-272.6886291503906,239.96914672851562,-0.6307854056358337,-27.46999740600586,26.699562072753906,-3.126249074935913,-28.3098201751709,-1.0110143423080444,-1.0872858762741089,-19.247547149658203,-5.1587748527526855,4.784718036651611,-6.212992191314697,-1.4126644134521484,5.785853385925293,-7.779786109924316,-11.983497619628906,-0.668069064617157,-2.400475263595581,-7.801816940307617,kalyani
12.wav,0.25648725032806396,0.11445192992687225,662.2790466607586,506.4243212623181,1090.8357990321829,0.047482488506130065,-279.8642272949219,239.98048400878906,-3.468947172164917,-28.110462188720703,26.482412338256836,-7.3116984367370605,-32.800048828125,0.6752022504806519,6.061656475067139,-12.582231521606445,-2.9799370765686035,3.396442174911499,-7.5540900230407715,-1.3450062274932861,5.911909103393555,-7.515523910522461,-10.84379768371582,-0.2619440257549286,-3.2084596157073975,-7.055368900299072,kalyani
13.wav,0.2568609416484833,0.1057913526892662,712.1698093558155,534.0917678303829,1188.0039872794316,0.05237553037446121,-275.72674560546875,239.3876953125,-9.520642280578613,-31.26132583618164,27.086074829101562,-5.699577808380127,-29.04424476623535,3.876436710357666,3.7168357372283936,-17.462200164794922,-4.950726509094238,4.435694217681885,-3.4890694618225098,5.603341579437256,10.900503158569336,-6.715988636016846,-10.067758560180664,1.6765291690826416,-3.200788974761963,-9.293707847595215,kalyani
14.wav,0.1987975835800171,0.12838588654994965,601.0000503821474,489.7559441426939,953.2006668717894,0.04196710455907534,-288.3285217285156,225.3845977783203,5.304149150848389,-17.6872615814209,26.948474884033203,-6.260678768157959,-26.077594757080078,2.245279550552368,-2.4395217895507812,-20.640079498291016,-3.025336742401123,5.790143966674805,-7.5109171867370605,0.07343539595603943,9.231473922729492,-8.022356033325195,-14.302495956420898,0.10343637317419052,-0.8125708103179932,-10.073036193847656,kalyani
15.wav,0.24973826110363007,0.11135686188936234,688.0795052444995,517.7211974557647,1153.8149935527913,0.05086710743662352,-271.0212707519531,224.90797424316406,-2.3433306217193604,-27.849029541015625,23.189594268798828,-5.030699253082275,-27.609073638916016,1.516977071762085,4.50861120223999,-13.571016311645508,-4.2944655418396,3.272005796432495,-4.858940124511719,1.463199257850647,6.677692413330078,-7.553248882293701,-10.209446907043457,1.2686870098114014,-2.504061698913574,-9.971612930297852,kalyani
16.wav,0.22015084326267242,0.12296424806118011,749.5995438205699,526.4724852216676,1238.6175102493712,0.05884960635158669,-260.3092956542969,233.55267333984375,-13.44765853881836,-36.28803634643555,24.498167037963867,-2.711277723312378,-25.313159942626953,4.856541156768799,4.88637113571167,-15.376431465148926,-5.03845739364624,2.048759937286377,-6.2790961265563965,2.3964128494262695,7.836235523223877,-7.532985210418701,-8.788703918457031,2.4018313884735107,-4.3708600997924805,-10.988475799560547,kalyani
17.wav,0.19575369358062744,0.12335188686847687,662.7998687932236,509.9262840747764,1094.593250630139,0.047371310933829285,-280.7239074707031,221.89923095703125,-2.458446502685547,-25.185810089111328,25.126577377319336,-4.719642639160156,-26.26674461364746,2.9341349601745605,3.224893808364868,-14.711102485656738,-1.891535758972168,5.61517858505249,-6.552104473114014,-1.4274629354476929,6.1328935623168945,-7.554686546325684,-12.488204956054688,-2.3820295333862305,-4.563658237457275,-8.347028732299805,kalyani
18.wav,0.24559523165225983,0.11728090792894363,732.0028690700058,521.5339138716492,1219.1926277089783,0.05689119037828947,-271.6498718261719,239.39955139160156,-12.91601848602295,-33.7651481628418,25.89352798461914,-7.160064220428467,-30.170902252197266,2.9265267848968506,3.5323686599731445,-13.2418212890625,1.9831104278564453,5.063656330108643,-11.329309463500977,-2.17091965675354,7.881714820861816,-8.760610580444336,-12.48702621459961,2.5313704013824463,2.0233676433563232,-1.6177326440811157,kalyani
19.wav,0.22968092560768127,0.13175886869430542,720.7915242411001,504.92393158698206,1212.8088028510474,0.05214040680760279,-260.7387390136719,223.1250457763672,-7.799915313720703,-34.5601921081543,20.189729690551758,-6.54919958114624,-32.7221565246582,-3.294193744659424,5.600522994995117,-9.46060848236084,-0.6211434006690979,6.151264667510986,-6.975059509277344,-7.141885757446289,-0.024623731151223183,-8.064764976501465,-11.397979736328125,-3.046842098236084,-3.4429450035095215,-5.345082759857178,kalyani
2.wav,0.3081780970096588,0.08040297031402588,703.6303237065854,530.0365461416636,1178.9057448814656,0.05144733297413793,-278.2451171875,216.2427978515625,-0.36823830008506775,-29.173095703125,17.719728469848633,-3.4608817100524902,-21.22886085510254,1.4222804307937622,0.33832621574401855,-12.431886672973633,-0.5902847051620483,2.5392706394195557,-7.171605110168457,2.1406614780426025,8.159499168395996,-6.848941802978516,-8.334033966064453,4.168637752532959,0.551605224609375,-5.6112751960754395,kalyani
20.wav,0.2973896265029907,0.07378383725881577,627.1396176353916,447.5296702162332,940.1250496557203,0.04920840505826271,-319.4461975097656,230.66859436035156,12.465928077697754,-29.213579177856445,9.635571479797363,-10.099775314331055,-22.533100128173828,13.22274398803711,23.55539321899414,1.0727065801620483,-5.499427318572998,-4.946824550628662,-10.191715240478516,-4.8473124504089355,-2.4386098384857178,-14.95550537109375,-14.921009063720703,-0.8857106566429138,-1.2747488021850586,-7.510158061981201,kalyani
21.wav,0.28442397713661194,0.07964479923248291,638.845789025663,441.85664707167825,941.041328391184,0.051786926373509366,-312.9037170410156,228.5569610595703,12.975364685058594,-31.014846801757812,7.796445846557617,-8.110276222229004,-20.07279396057129,12.927803993225098,23.224632263183594,2.1243538856506348,-5.275049686431885,-5.684929847717285,-10.681191444396973,-6.005441665649414,-4.52405309677124,-15.737164497375488,-12.951361656188965,2.9674606323242188,2.8196232318878174,-4.563993453979492,kalyani
22.wav,0.31029707193374634,0.1249556913971901,995.8360364507632,673.4045737960778,1723.88539850456,0.07582064780042919,-241.0741729736328,251.91639709472656,-61.73308563232422,-47.59968566894531,37.286170959472656,-21.88062858581543,-39.02556228637695,16.553714752197266,-0.2181028127670288,-27.016353607177734,7.786792278289795,7.483256816864014,-25.208646774291992,-6.031290054321289,12.775167465209961,-11.072587966918945,-11.090210914611816,5.991025924682617,-10.360272407531738,-17.869386672973633,kalyani
23.wav,0.24096712470054626,0.08586061745882034,960.2093023311296,672.2253399402363,1708.3846936122977,0.07230031404563848,-283.4441833496094,226.7924346923828,-48.05522537231445,-37.48069381713867,36.663330078125,-16.37649154663086,-34.362640380859375,13.578973770141602,-2.9730794429779053,-31.738590240478516,-0.09165383875370026,7.95445442199707,-19.237876892089844,-7.264190196990967,10.453941345214844,-7.164031505584717,-10.232032775878906,2.150095224380493,-10.226715087890625,-16.563642501831055,kalyani
24.wav,0.2715809941291809,0.09095457196235657,1071.036287057538,699.737349257198,1914.2441552234952,0.08693788109756098,-276.1045837402344,228.06436157226562,-59.0020637512207,-41.185062408447266,39.946441650390625,-16.144180297851562,-32.2593994140625,19.743606567382812,-2.20662784576416,-35.5200080871582,0.8773072361946106,12.02906608581543,-17.48491859436035,-5.714146137237549,13.143742561340332,-4.939324378967285,-6.7441020011901855,7.005377769470215,-8.429394721984863,-18.200475692749023,kalyani
25.wav,0.24969448149204254,0.09044216573238373,1099.64895157074,701.4959719155729,1950.538205362326,0.08609585127225232,-278.765869140625,215.20449829101562,-59.65071105957031,-41.29660415649414,37.68757629394531,-15.6038818359375,-30.893783569335938,19.056163787841797,-2.5569889545440674,-35.99442672729492,-2.459583044052124,8.073046684265137,-19.100032806396484,-5.493544101715088,15.221667289733887,-1.61033034324646,-5.4729108810424805,6.608977317810059,-5.778679370880127,-12.092679977416992,kalyani
26.wav,0.2668290138244629,0.08103503286838531,1055.5763355385195,765.051999188981,1988.293620584653,0.0773988228912911,-293.2849426269531,225.87998962402344,-60.434539794921875,-30.96812629699707,57.46830749511719,-12.650873184204102,-48.97048568725586,5.987117767333984,4.773465633392334,-21.854778289794922,2.378328561782837,6.141244888305664,-19.521774291992188,-6.97964334487915,7.333681106567383,-11.75554084777832,-12.175686836242676,2.0670855045318604,-8.898284912109375,-12.853489875793457,kalyani
27.wav,0.25871551036834717,0.101030632853508,1076.2985294547957,790.7482264453879,2056.1192762256396,0.07477304735079172,-287.1951904296875,224.6488800048828,-66.03428649902344,-28.114299774169922,60.32686996459961,-16.428293228149414,-49.47677993774414,6.715773105621338,-1.4871735572814941,-25.688182830810547,6.210130214691162,6.859425067901611,-22.583173751831055,-7.52338981628418,4.532928466796875,-16.36589241027832,-9.50411319732666,7.1764140129089355,-10.623385429382324,-16.116737365722656,kalyani
28.wav,0.23819902539253235,0.0991692915558815,1079.3196468738854,777.6106168329225,2034.507250027606,0.07382277633613074,-294.39306640625,218.2455291748047,-65.65760040283203,-31.532777786254883,54.42964172363281,-16.334226608276367,-45.801116943359375,8.510315895080566,-0.2580847442150116,-24.03985023498535,6.5321455001831055,6.535379886627197,-21.98680305480957,-5.9663801193237305,6.669572353363037,-15.112390518188477,-10.410599708557129,5.3104071617126465,-12.728436470031738,-18.78015899658203,kalyani
29.wav,0.2846987545490265,0.10873004794120789,1091.1120228274597,755.4176272321205,1968.8685542913286,0.07868756338742393,-268.66741943359375,220.87625122070312,-66.7197265625,-35.77854919433594,50.23333740234375,-19.690086364746094,-49.6861572265625,4.878296852111816,-0.8324626088142395,-22.43804931640625,6.255799293518066,4.2998785972595215,-22.784412384033203,-5.328140735626221,6.520237922668457,-15.689323425292969,-10.895809173583984,4.124731063842773,-12.949790954589844,-15.962732315063477,kalyani
3.wav,0.24976499378681183,0.08261658996343613,679.0000818347868,515.8518920634459,1140.9279183165668,0.04792458172802511,-287.08587646484375,228.99630737304688,-2.143350839614868,-30.74493408203125,20.173921585083008,-3.5326735973358154,-23.030181884765625,1.3109242916107178,-0.13078270852565765,-12.576247215270996,2.447016477584839,4.019812107086182,-12.193549156188965,-3.703657627105713,7.515807628631592,-6.524240016937256,-11.699170112609863,0.7739802002906799,1.1583114862442017,-2.8067033290863037,kalyani
30.wav,0.25111451745033264,0.09921926259994507,1021.9242865935321,741.9186126097534,1874.4303322428889,0.07306871916118421,-277.0724792480469,214.71865844726562,-58.22970199584961,-31.457691192626953,52.244293212890625,-10.975316047668457,-43.71220779418945,1.6809872388839722,-4.697855472564697,-22.994089126586914,6.825933933258057,6.320135593414307,-21.239097595214844,-5.57004976272583,8.380440711975098,-12.797853469848633,-11.592687606811523,3.623575210571289,-9.755419731140137,-14.45703411102295,kalyani
31.wav,0.3022357225418091,0.13326817750930786,992.0289552633459,752.551042699087,1894.1435664533133,0.07188644492743702,-243.94964599609375,231.509765625,-53.090877532958984,-28.626813888549805,53.20677185058594,-13.582655906677246,-43.04481887817383,6.7403717041015625,-4.153029441833496,-27.717782974243164,4.3948445320129395,5.872290134429932,-24.5272216796875,-9.666678428649902,7.1726789474487305,-12.505976676940918,-12.139927864074707,2.1735525131225586,-10.56441879272461,-12.665048599243164,kalyani
32.wav,0.3172290325164795,0.10673683136701584,946.6893733663566,761.872756505186,1881.9390058807855,0.06900228855816078,-254.07540893554688,227.7223663330078,-44.98957061767578,-21.266613006591797,57.72965621948242,-5.586564540863037,-33.30133819580078,12.646368026733398,-3.9697818756103516,-32.64787673950195,-0.42053812742233276,7.270728588104248,-20.827537536621094,-10.966280937194824,3.9927637577056885,-11.622581481933594,-9.0343017578125,5.140485763549805,-7.115802764892578,-11.228545188903809,kalyani
33.wav,0.3145788609981537,0.09351692348718643,963.4074826642589,763.0206195713232,1930.0010631417047,0.07467583727183832,-268.6224670410156,227.8961181640625,-46.445404052734375,-23.71433448791504,55.44059753417969,-7.479887962341309,-34.61881637573242,12.438909530639648,-3.378784418106079,-32.63528060913086,-1.497272253036499,6.0829644203186035,-21.570556640625,-11.644546508789062,3.6175312995910645,-11.228632926940918,-8.764325141906738,4.369442939758301,-7.908045291900635,-10.863525390625,kalyani
34.wav,0.3095967769622803,0.11651484668254852,1067.4330193294447,756.6180596286057,1955.2594313813186,0.08380297940773447,-245.99220275878906,237.40980529785156,-61.831787109375,-33.98478317260742,53.725669860839844,-14.368653297424316,-43.07280731201172,7.575424671173096,-6.282033920288086,-28.668554306030273,6.809510707855225,5.179958343505859,-28.7048282623291,-12.229971885681152,4.771081924438477,-15.491645812988281,-11.275562286376953,5.334044933319092,-10.454366683959961,-15.000751495361328,kalyani
35.wav,0.3257967233657837,0.10133280605077744,1036.9802588081295,764.926110119061,1979.4028253424658,0.08337079052511416,-251.8488006591797,231.0030975341797,-53.10165786743164,-29.648744583129883,53.186614990234375,-9.587602615356445,-37.0137825012207,9.435306549072266,-6.696421146392822,-32.90470504760742,-0.03756231814622879,4.7535719871521,-22.172914505004883,-7.458708763122559,6.061288833618164,-14.820704460144043,-12.007433891296387,4.335354328155518,-8.734245300292969,-12.136269569396973,kalyani
36.wav,0.31604310870170593,0.10112757980823517,1023.5996069888105,758.6635739395564,1936.669567762893,0.07863138031325544,-260.2358093261719,236.31304931640625,-56.639644622802734,-30.036169052124023,55.84052658081055,-11.451628684997559,-41.02830505371094,7.578495025634766,-7.772401809692383,-32.52958297729492,2.9563233852386475,6.070925712585449,-25.227516174316406,-11.588464736938477,3.5799636840820312,-15.60766887664795,-11.002610206604004,6.424622058868408,-7.401145935058594,-12.5289888381958,kalyani
37.wav,0.2990803122520447,0.11020591109991074,1058.1287023093676,770.1049138821994,1993.4939417991109,0.0806027378883892,-244.79959106445312,225.55406188964844,-56.30632781982422,-30.397830963134766,51.72645950317383,-13.29249382019043,-40.432861328125,7.869180679321289,-6.552765846252441,-30.831756591796875,2.427521228790283,5.05022668838501,-23.76991081237793,-9.718419075012207,3.3432600498199463,-15.972957611083984,-9.839587211608887,6.529536247253418,-10.358404159545898,-15.985937118530273,kalyani
38.wav,0.31398695707321167,0.08872775733470917,982.197867750943,749.405040377456,1899.5845002948113,0.07455216756513926,-274.7196350097656,236.2586212158203,-50.70210647583008,-28.358091354370117,54.227962493896484,-9.838767051696777,-38.01476287841797,9.716444969177246,-5.791818618774414,-33.1544189453125,-0.11388929933309555,6.19053316116333,-21.474077224731445,-9.078197479248047,4.2327561378479,-14.831697463989258,-10.405827522277832,6.239821910858154,-8.440150260925293,-13.592717170715332,kalyani
39.wav,0.32464727759361267,0.12042610347270966,948.6040870379355,730.7400748062784,1814.2326991555105,0.06562366224315068,-232.20407104492188,224.85922241210938,-45.646453857421875,-28.884883880615234,46.895782470703125,-12.419722557067871,-40.047462463378906,3.2315566539764404,-8.722142219543457,-29.768081665039062,2.604627847671509,5.432106971740723,-24.49765968322754,-13.497221946716309,1.3369935750961304,-15.094294548034668,-10.854394912719727,5.508652687072754,-8.15731143951416,-14.73974323272705,kalyani
4.wav,0.22876907885074615,0.10760122537612915,636.033361712258,510.51771131536964,1096.0494115121735,0.040308972048422195,-267.558837890625,228.8404998779297,2.2393205165863037,-27.16927719116211,22.49692726135254,-1.1526554822921753,-23.37923812866211,-2.0164730548858643,-2.655390501022339,-14.863059997558594,-2.6639175415039062,-1.3720905780792236,-13.656474113464355,-2.771256923675537,6.980625152587891,-8.562967300415039,-12.677467346191406,1.6369116306304932,2.4252007007598877,-1.4903429746627808,kalyani
40.wav,0.294536828994751,0.10226089507341385,982.0833364864263,752.1290413658974,1877.1033263023685,0.07073927813526834,-252.37445068359375,215.95709228515625,-44.37626647949219,-25.44736099243164,47.9826774597168,-10.463011741638184,-36.05027389526367,6.279134273529053,-7.929374694824219,-29.846681594848633,3.2177622318267822,7.631194591522217,-21.129880905151367,-10.575995445251465,3.079702138900757,-13.934021949768066,-10.26262378692627,4.954348564147949,-9.244978904724121,-14.906010627746582,kalyani
41.wav,0.33973878622055054,0.11294449120759964,993.132837525422,734.4776916360773,1827.7162154234761,0.07365627760600707,-244.63868713378906,240.4743194580078,-53.34101867675781,-32.43368911743164,50.98793029785156,-13.253332138061523,-42.709266662597656,4.581043720245361,-5.489231586456299,-23.317216873168945,10.570924758911133,6.810151100158691,-26.98707389831543,-11.292147636413574,4.469892978668213,-16.339550018310547,-12.190152168273926,5.623922824859619,-9.127304077148438,-14.423354148864746,kalyani
42.wav,0.2993072271347046,0.09569837152957916,953.6931383676222,789.7233736862502,1990.3026315789473,0.06319901315789474,-281.3427734375,241.64022827148438,-51.2515869140625,-17.27106475830078,65.88485717773438,-16.71885108947754,-51.10294723510742,8.430092811584473,-3.667534589767456,-39.482337951660156,-8.372956275939941,4.121058464050293,-20.405040740966797,-9.37229061126709,3.6156325340270996,-13.078669548034668,-7.397489547729492,5.8793487548828125,-12.576395988464355,-15.095626831054688,kalyani
5.wav,0.265123575925827,0.11368853598833084,648.0568284771075,493.9602189712345,1068.5828293937554,0.04689310045233892,-272.1816101074219,237.17630004882812,-0.7877657413482666,-30.535980224609375,22.29077911376953,-2.6478075981140137,-25.132654190063477,-2.000676155090332,-3.4703972339630127,-16.07485008239746,-0.6833271980285645,2.328383207321167,-11.740435600280762,-1.630056619644165,9.142940521240234,-6.123000621795654,-10.370113372802734,3.2531681060791016,0.910230815410614,-6.605950355529785,kalyani
6.wav,0.29063180088996887,0.11537571251392365,719.8799675590926,516.1569643266319,1215.8820530877042,0.05234178706030151,-270.1449890136719,256.8000183105469,-16.061275482177734,-40.20905685424805,24.045360565185547,-8.454751968383789,-31.752777099609375,0.7475646734237671,0.47025126218795776,-13.442493438720703,3.69472074508667,3.251366138458252,-13.471105575561523,0.5524734258651733,10.282466888427734,-10.393722534179688,-13.195307731628418,2.80837345123291,-1.5583993196487427,-7.656836986541748,kalyani
7.wav,0.2661919891834259,0.1075270026922226,700.5187816965356,531.5514245851339,1193.4813082831502,0.050260081706033674,-269.9175109863281,225.98182678222656,-5.1760406494140625,-28.9559268951416,24.10828971862793,-3.916872024536133,-26.53786277770996,-0.44058090448379517,-0.9819358587265015,-15.635428428649902,-0.8436165452003479,4.944439888000488,-6.904299736022949,1.4739868640899658,9.199721336364746,-6.7593512535095215,-10.894511222839355,1.6975163221359253,-0.24026663601398468,-5.68568229675293,kalyani
8.wav,0.2655995488166809,0.10533694177865982,745.2551004594372,550.3705743912758,1294.832737699468,0.05399819232047872,-267.849365234375,239.2156982421875,-15.727478981018066,-33.999961853027344,27.980478286743164,-5.752757549285889,-29.63802719116211,2.1845977306365967,0.845331072807312,-16.340484619140625,-0.8969379663467407,2.69852614402771,-9.856549263000488,3.2168612480163574,11.070273399353027,-8.985089302062988,-10.78658676147461,5.412277698516846,0.3283776044845581,-7.209044456481934,kalyani
9.wav,0.26005297899246216,0.1057799756526947,760.2929718575645,552.9893605276625,1320.7394220132744,0.057582001619785085,-269.0433654785156,248.7484130859375,-21.261171340942383,-37.63275146484375,30.43109703063965,-4.489186763763428,-28.613685607910156,4.731961727142334,0.3338335156440735,-19.340364456176758,-0.9693021178245544,4.737277984619141,-9.740376472473145,1.4960936307907104,9.532827377319336,-9.34371566772461,-10.520445823669434,4.26090145111084,-2.3927955627441406,-9.156399726867676,kalyani
1.wav,0.2586897611618042,0.10096340626478195,1228.7205417174964,549.4695299064132,1688.3988813920455,0.10964679851398601,-280.7335205078125,208.14508056640625,-89.66515350341797,-80.61858367919922,23.654804229736328,-4.081900119781494,-32.399967193603516,-2.0605568885803223,-8.357358932495117,-19.64015007019043,5.544924736022949,-1.7595429420471191,-28.225994110107422,-8.781540870666504,6.580153465270996,-16.738672256469727,-17.23434829711914,4.145491123199463,-0.44932666420936584,-6.481165409088135,shankarabharana
10.wav,0.2405657172203064,0.13539442420005798,1267.640847650143,527.3125636237195,1767.9288523364733,0.11196731451100762,-238.73094177246094,199.58921813964844,-94.2642822265625,-82.35676574707031,25.436250686645508,1.411194920539856,-24.15813636779785,4.732846260070801,-12.181635856628418,-34.6593132019043,-3.0405166149139404,7.255653381347656,-17.04634666442871,-9.947375297546387,3.761258125305176,-9.744037628173828,-9.233290672302246,2.8404526710510254,-7.616024017333984,-11.90820026397705,shankarabharana
11.wav,0.31525757908821106,0.0788913294672966,1090.377036542079,546.5031840060115,1583.7426629990184,0.09672996427792321,-278.13946533203125,211.8592529296875,-68.216796875,-75.26839447021484,18.502147674560547,0.14767083525657654,-28.086360931396484,-5.610263824462891,-14.405377388000488,-30.488693237304688,-3.242494821548462,7.086322784423828,-15.146528244018555,-12.028119087219238,2.2013542652130127,-7.248195171356201,-11.599516868591309,-3.890131711959839,-8.063679695129395,-8.227578163146973,shankarabharana
12.wav,0.3107798993587494,0.08472622185945511,1106.654598002551,544.4506451562386,1587.2904018720976,0.09766645401993033,-267.2697448730469,204.828857421875,-69.44082641601562,-76.20561218261719,15.92643928527832,-1.3016761541366577,-28.638647079467773,-7.2668843269348145,-15.5451021194458,-29.699342727661133,-3.0476934909820557,5.496819972991943,-16.154111862182617,-11.962542533874512,1.4363346099853516,-8.463351249694824,-11.690587043762207,-3.5092527866363525,-8.00489616394043,-7.814720630645752,shankarabharana
13.wav,0.27591395378112793,0.09735067933797836,1190.8485387761266,559.8585038453559,1686.4787356954225,0.10439639791876258,-273.7263488769531,180.6317901611328,-82.67503356933594,-78.46967315673828,13.160054206848145,-7.245697975158691,-29.407833099365234,-3.976536750793457,-13.811758995056152,-26.16280174255371,1.6555804014205933,4.105345726013184,-19.81493377685547,-10.752379417419434,1.4832613468170166,-13.58852767944336,-13.762600898742676,-0.6987088322639465,-8.263060569763184,-12.29350471496582,shankarabharana
14.wav,0.22773298621177673,0.14301812648773193,1284.571693083291,551.3920525308109,1808.2763671875,0.11211754137630663,-259.01904296875,170.3931884765625,-97.81344604492188,-85.1715316772461,14.171807289123535,-7.39027738571167,-28.786649703979492,0.5069571733474731,-11.121336936950684,-26.713695526123047,2.574549674987793,4.779668807983398,-22.143796920776367,-10.971389770507812,4.931612968444824,-12.917814254760742,-17.103836059570312,-4.235906600952148,-12.645195960998535,-16.9079647064209,shankarabharana
15.wav,0.34268590807914734,0.05968836322426796,1112.614081937831,580.7120878969548,1681.4053529060927,0.09539999737835571,-317.37786865234375,205.9850311279297,-67.68316650390625,-70.94184112548828,22.67013168334961,-0.18659798800945282,-32.812625885009766,-7.106499195098877,-8.856416702270508,-25.15395736694336,-4.381284713745117,2.6421992778778076,-17.874465942382812,-11.755990028381348,4.095974445343018,-6.837209224700928,-13.33882999420166,-4.134676456451416,-6.375768661499023,-9.006243705749512,shankarabharana
16.wav,0.34511926770210266,0.06877429783344269,1147.5595862527239,569.9087903112609,1696.11474382619,0.10017550914280186,-284.8812255859375,212.3486328125,-74.56613159179688,-74.30503845214844,23.31987762451172,-1.69237220287323,-31.041248321533203,-2.3393592834472656,-9.348726272583008,-27.737119674682617,-2.648710250854492,4.268983364105225,-19.51006317138672,-14.133528709411621,-0.20826438069343567,-11.823339462280273,-12.200655937194824,1.5261720418930054,-4.30877685546875,-10.0847806930542,shankarabharana
17.wav,0.3251296877861023,0.06067948415875435,1140.5430676291885,582.3983244913933,1699.0647259880516,0.10061201443982198,-279.44586181640625,178.8595733642578,-60.996437072753906,-65.92339324951172,15.8580961227417,1.0525894165039062,-23.116851806640625,-3.622659921646118,-9.062832832336426,-22.25727653503418,-4.443698883056641,-1.5941619873046875,-18.49846839904785,-10.465085983276367,1.403725504875183,-8.495423316955566,-9.364058494567871,-0.44979560375213623,-6.477642059326172,-8.897031784057617,shankarabharana
18.wav,0.3573024272918701,0.07483097165822983,1127.9952705141307,580.2126920165464,1677.2529896943138,0.09797176969772052,-273.072265625,212.92904663085938,-71.3708724975586,-71.94709014892578,22.24563980102539,-3.7295846939086914,-31.352184295654297,-2.190633535385132,-10.32374095916748,-28.158836364746094,-1.089473843574524,5.835237979888916,-19.552934646606445,-14.094998359680176,1.2044060230255127,-10.842124938964844,-13.147146224975586,0.0526718869805336,-4.686302661895752,-9.851889610290527,shankarabharana
19.wav,0.341131329536438,0.06823107600212097,1145.4274232545217,562.4320878060347,1670.7977862163104,0.10210402629337051,-280.8778991699219,203.79930114746094,-70.07630157470703,-73.20188903808594,20.30824851989746,1.1057229042053223,-26.106740951538086,-1.9465171098709106,-9.800025939941406,-26.848220825195312,-3.521066665649414,2.9071805477142334,-18.814725875854492,-13.273481369018555,0.3287886679172516,-9.906935691833496,-10.702863693237305,0.5251891613006592,-5.800323963165283,-10.310297966003418,shankarabharana
2.wav,0.30657902359962463,0.09997278451919556,1276.2752988739085,558.6899164440692,1780.861720455786,0.11042476915029112,-273.3853759765625,198.56613159179688,-99.52715301513672,-85.98501586914062,19.590890884399414,-8.180341720581055,-30.75442886352539,4.234140872955322,-5.963103771209717,-23.130464553833008,0.2680482268333435,-6.101865291595459,-29.644832611083984,-7.043802261352539,9.33076286315918,-12.25141429901123,-10.510598182678223,7.0316596031188965,-5.306124687194824,-13.15298080444336,shankarabharana
20.wav,0.30031558871269226,0.10034982860088348,1125.4284717056478,560.2978498322084,1660.06496181429,0.0971309319369195,-260.47784423828125,188.0623016357422,-65.23182678222656,-71.79700469970703,13.022258758544922,-2.49859619140625,-25.781084060668945,-3.198178291320801,-9.78262710571289,-24.749486923217773,-3.4995040893554688,1.710357427597046,-18.41866111755371,-12.59245491027832,0.12945230305194855,-10.704562187194824,-12.461185455322266,-1.3599648475646973,-7.092629909515381,-12.140632629394531,shankarabharana
21.wav,0.3166344463825226,0.07773058861494064,1126.5591324051961,565.6055737507825,1659.9656966289235,0.09828864950440529,-274.24969482421875,189.73680114746094,-63.426719665527344,-70.39532470703125,14.73881721496582,-0.2906956672668457,-24.382570266723633,-2.634092092514038,-9.587488174438477,-25.21227264404297,-3.7955939769744873,2.372579336166382,-17.9233341217041,-12.301591873168945,1.3009475469589233,-10.05297565460205,-12.917564392089844,0.240773007273674,-3.460813045501709,-11.37920093536377,shankarabharana
22.wav,0.348760724067688,0.06406357884407043,1086.1469380646718,572.4715939816322,1624.0758052102694,0.09493772750154894,-299.55975341796875,205.1491241455078,-63.15777587890625,-69.53424835205078,19.48178482055664,0.8805423974990845,-25.299259185791016,-2.1405460834503174,-9.481757164001465,-24.653629302978516,-1.8238693475723267,1.6994317770004272,-21.239669799804688,-13.120073318481445,2.6957268714904785,-9.690767288208008,-12.689291000366211,0.6630052328109741,-4.143228530883789,-10.915359497070312,shankarabharana
23.wav,0.32440075278282166,0.10011123865842819,1135.2306613363153,553.6344176894611,1640.5392331261617,0.09885728876239157,-261.4510192871094,232.0145263671875,-80.83531188964844,-80.03530883789062,25.692964553833008,-2.6827356815338135,-34.32447052001953,-2.3849353790283203,-10.76273250579834,-31.285533905029297,-2.5995302200317383,5.874838829040527,-21.195287704467773,-16.160194396972656,0.06383626908063889,-12.186895370483398,-13.939371109008789,0.9297698736190796,-3.2863614559173584,-8.571890830993652,shankarabharana
24.wav,0.30835455656051636,0.096319779753685,1143.6838272756097,566.9083957626419,1676.2578888611647,0.10046279167813876,-248.5859375,201.33221435546875,-68.68170166015625,-71.69761657714844,17.719684600830078,-3.611617088317871,-28.432470321655273,-2.2113146781921387,-10.187525749206543,-25.892730712890625,-0.8328474164009094,3.833028793334961,-19.411794662475586,-10.784029006958008,4.628357410430908,-9.935864448547363,-14.605871200561523,-2.407282590866089,-8.579108238220215,-14.927617073059082,shankarabharana
25.wav,0.23897725343704224,0.09196128696203232,1162.8503668195854,523.929086885033,1645.3247742611625,0.10018178968332023,-305.04388427734375,191.6778564453125,-82.42218780517578,-84.85616302490234,12.18660831451416,-2.7143642902374268,-28.562068939208984,-3.8228495121002197,-7.278448581695557,-21.40361213684082,-4.173569202423096,-4.120985984802246,-20.263107299804688,-6.098818778991699,4.89943265914917,-12.099946975708008,-12.368833541870117,0.015469842590391636,-11.140680313110352,-18.507341384887695,shankarabharana
26.wav,0.24904724955558777,0.05642366409301758,871.6575759618439,762.4065093816384,1795.7858330267031,0.04604217041631623,-340.4131164550781,235.6428680419922,-43.94712448120117,-14.886564254760742,67.82679748535156,-3.7344794273376465,-39.21915817260742,8.563680648803711,-2.374852180480957,-26.899206161499023,5.656795978546143,8.527838706970215,-22.09334945678711,-6.499013423919678,10.742759704589844,-14.083026885986328,-15.903508186340332,8.099411010742188,1.2266321182250977,-10.679709434509277,shankarabharana
27.wav,0.26495686173439026,0.07548148930072784,904.3532005490061,750.6186070968105,1803.7942473421392,0.05511487193943299,-295.93072509765625,230.59706115722656,-43.091243743896484,-19.35080909729004,61.781272888183594,-3.7290711402893066,-38.90684509277344,4.574296474456787,-4.9825005531311035,-25.413965225219727,7.829891681671143,9.586627960205078,-22.383644104003906,-7.386109828948975,11.23605728149414,-13.81001091003418,-18.801231384277344,4.815988540649414,0.85802161693573,-10.462512969970703,shankarabharana
28.wav,0.25071486830711365,0.072801373898983,859.0397257728172,773.881546277198,1865.2316820119738,0.048968443849782294,-288.9820861816406,196.51564025878906,-26.676870346069336,-4.0238037109375,59.918212890625,-2.3742520809173584,-35.10818862915039,3.670837879180908,-4.789857387542725,-28.806209564208984,-4.123415470123291,4.191649913787842,-15.810937881469727,-5.265475273132324,6.674188137054443,-10.826749801635742,-9.40247631072998,8.574275016784668,-1.6356295347213745,-12.73176097869873,shankarabharana
29.wav,0.27267470955848694,0.07345110177993774,869.3734867352606,770.7704536134099,1868.3966682871007,0.048837266829570486,-312.3296813964844,235.6168975830078,-41.45854568481445,-9.678460121154785,70.9728775024414,-8.182220458984375,-48.355838775634766,3.461297035217285,-2.5496139526367188,-29.918476104736328,-1.3382511138916016,6.5764360427856445,-15.65846061706543,0.08659752458333969,12.475777626037598,-11.69225788116455,-9.788641929626465,11.215198516845703,-3.1714982986450195,-16.508689880371094,shankarabharana
3.wav,0.2490357905626297,0.13021980226039886,1197.4782500031827,541.2646927408211,1689.3373842592594,0.10416264789094651,-266.79949951171875,211.5525360107422,-93.2874755859375,-84.74246215820312,21.13003158569336,-5.274237155914307,-28.85425567626953,3.5484778881073,-12.4520902633667,-35.152103424072266,-4.952026844024658,3.2395968437194824,-18.623397827148438,-4.282058238983154,14.506549835205078,-0.7273946404457092,-8.149914741516113,-4.476345539093018,-16.114347457885742,-15.57337474822998,shankarabharana
30.wav,0.25153955817222595,0.07086139917373657,844.2706217108893,757.1278304245553,1795.928521010976,0.04820165094339623,-320.4284362792969,227.70330810546875,-38.155303955078125,-10.657390594482422,66.85321044921875,-2.6149561405181885,-37.685577392578125,6.494052886962891,-5.367213249206543,-30.239307403564453,0.611456036567688,6.275637149810791,-19.671907424926758,-6.197959899902344,6.929009914398193,-14.584092140197754,-10.71844482421875,11.995705604553223,-0.7742500305175781,-15.700233459472656,shankarabharana
31.wav,0.24083927273750305,0.12648852169513702,874.0258962125318,760.3488485243372,1813.2029566271551,0.049756046455938695,-254.8791961669922,208.17799377441406,-32.60440444946289,-9.222748756408691,57.87432098388672,-6.577920436859131,-37.06736755371094,3.9804158210754395,-5.549761772155762,-25.39730453491211,2.6270179748535156,5.0723161697387695,-17.530254364013672,-2.3362350463867188,7.953920841217041,-14.590038299560547,-11.224262237548828,7.962214469909668,-5.284903049468994,-15.08272933959961,shankarabharana
32.wav,0.23933842778205872,0.10871264338493347,887.5024399272075,784.2073975900151,1910.6488549122005,0.050575794773635156,-276.702392578125,205.0120849609375,-34.261077880859375,-4.641974925994873,64.69584655761719,-6.897052764892578,-43.12723159790039,1.564497470855713,-5.725385665893555,-30.93763542175293,-3.98101806640625,5.30629825592041,-14.456583023071289,-2.4779152870178223,6.677731990814209,-14.573409080505371,-9.82052993774414,11.568766593933105,-2.336024522781372,-16.577497482299805,shankarabharana
33.wav,0.2504139542579651,0.10291243344545364,830.5761658811289,752.8517009251419,1779.7292737287783,0.043949213548601866,-289.29669189453125,218.99913024902344,-34.88043975830078,-8.271631240844727,67.036376953125,-2.575676679611206,-42.37559127807617,0.7820709943771362,-4.134346961975098,-26.61132049560547,0.7974071502685547,6.992247104644775,-16.504348754882812,-2.56925368309021,11.898505210876465,-11.068477630615234,-13.660996437072754,7.372385025024414,-0.04539020359516144,-12.645998001098633,shankarabharana
34.wav,0.28080588579177856,0.11586761474609375,778.037527965596,709.0465544842284,1537.294330923365,0.04625659000611247,-251.29637145996094,206.83421325683594,-20.078420639038086,-8.434097290039062,52.56262969970703,0.7178901433944702,-25.10185432434082,8.092215538024902,-5.070775032043457,-23.325109481811523,7.440028667449951,11.940627098083496,-15.636041641235352,-6.190677642822266,9.250676155090332,-8.787619590759277,-12.260955810546875,4.441348552703857,-0.9865285158157349,-8.719446182250977,shankarabharana
35.wav,0.2809548079967499,0.09893441200256348,804.5125298087089,722.6809102966889,1591.5479752460765,0.051407734202918505,-273.8154296875,222.9182586669922,-26.355634689331055,-12.047080039978027,54.38507080078125,-1.9197231531143188,-26.274677276611328,11.097305297851562,-5.42244291305542,-24.310951232910156,10.249460220336914,11.909403800964355,-18.808469772338867,-5.544671058654785,10.133931159973145,-11.84032154083252,-12.854560852050781,7.323478698730469,-0.45935267210006714,-8.189294815063477,shankarabharana
36.wav,0.268480122089386,0.0671117827296257,815.394278109995,750.4305628937965,1656.9650268554688,0.04979180230034722,-301.0969543457031,192.69483947753906,-18.322065353393555,-4.070353984832764,52.383419036865234,5.350011348724365,-13.884687423706055,13.608938217163086,-6.051699638366699,-21.28103256225586,8.631340980529785,6.130646228790283,-19.65219497680664,-4.743948936462402,7.453956604003906,-12.026881217956543,-9.56627368927002,7.71406364440918,1.0773242712020874,1.9651179313659668,shankarabharana
37.wav,0.30419817566871643,0.11596543341875076,798.08550406216,718.8093929377653,1554.4152013029154,0.050827270117811504,-250.30389404296875,227.2161102294922,-26.310422897338867,-13.40009593963623,52.1978645324707,-2.7424192428588867,-23.04103660583496,13.860722541809082,-7.385238170623779,-26.135398864746094,12.348129272460938,14.106818199157715,-18.974897384643555,-6.847917556762695,7.866724014282227,-13.591634750366211,-11.361141204833984,9.963079452514648,-0.9634778499603271,-11.351908683776855,shankarabharana
38.wav,0.2765837609767914,0.10466740280389786,769.0449529452611,711.3886440283169,1508.5459607712767,0.049159706061613476,-271.6111755371094,219.87330627441406,-20.37353515625,-8.716410636901855,51.387184143066406,-1.6856189966201782,-20.492630004882812,14.289536476135254,-6.948802471160889,-25.971824645996094,8.796833038330078,10.082327842712402,-18.150480270385742,-3.6944475173950195,8.948671340942383,-13.901182174682617,-12.208916664123535,8.64099407196045,1.1417312622070312,-3.5084707736968994,shankarabharana
39.wav,0.2853987216949463,0.12643158435821533,824.0481703167209,733.9924910645295,1646.7274880374637,0.05420914028483309,-238.37074279785156,209.3325958251953,-23.672258377075195,-9.41152572631836,52.25740432739258,-1.1702765226364136,-23.8768367767334,10.709416389465332,-5.3363938331604,-23.46068572998047,7.188612461090088,8.039275169372559,-18.385684967041016,-5.8385701179504395,5.134668827056885,-15.055191993713379,-10.550813674926758,9.696386337280273,-1.5770001411437988,-11.202590942382812,shankarabharana
4.wav,0.23940367996692657,0.11848597973585129,1237.0761118533328,530.1640378862288,1725.7280336126962,0.10826469998216832,-266.69049072265625,182.1147918701172,-90.94550323486328,-83.46800231933594,14.755169868469238,-4.77912712097168,-26.029155731201172,1.1740401983261108,-12.14830207824707,-30.874170303344727,-5.208044528961182,0.04791329428553581,-19.519662857055664,-5.931212902069092,11.74509334564209,0.6660502552986145,-2.5808937549591064,2.2368805408477783,-8.801880836486816,-10.199831008911133,shankarabharana
40.wav,0.27278682589530945,0.08489960432052612,835.4257734017766,753.2361224409166,1728.1733369545118,0.05607086723372781,-297.64825439453125,207.28656005859375,-24.8809871673584,-5.108256816864014,57.94927978515625,2.5607895851135254,-18.073707580566406,17.73744010925293,-2.7088770866394043,-24.324434280395508,5.994846820831299,5.4243550300598145,-21.74566650390625,-6.471567153930664,8.357856750488281,-7.706338882446289,0.12914516031742096,18.592193603515625,1.8873995542526245,-10.409967422485352,shankarabharana
41.wav,0.2849046289920807,0.11828052252531052,894.3742966243332,740.2377056260644,1737.4316925698138,0.060009765625,-260.3907165527344,238.87843322753906,-42.452850341796875,-19.659460067749023,57.96674346923828,-6.607665061950684,-31.171138763427734,14.844059944152832,-2.863537073135376,-25.28911781311035,9.67894458770752,9.674206733703613,-20.148405075073242,-4.271389007568359,7.321430683135986,-14.927950859069824,-6.709629058837891,12.954635620117188,-7.192060470581055,-18.939411163330078,shankarabharana
42.wav,0.3008277416229248,0.0881820023059845,756.8274196024751,707.3976922337959,1523.7281276755136,0.045506772022450535,-294.68878173828125,225.20460510253906,-23.507808685302734,-9.91396427154541,56.45505142211914,1.501175045967102,-22.20750617980957,14.313650131225586,-3.244328022003174,-23.637657165527344,8.957754135131836,10.738759994506836,-18.789827346801758,-7.320997714996338,6.450132846832275,-12.236892700195312,-9.221198081970215,9.425565719604492,-2.0157546997070312,-11.158035278320312,shankarabharana
43.wav,0.2938391864299774,0.08361565321683884,742.2155199218872,723.8092027113364,1546.2878490199705,0.044412213387573965,-294.8334045410156,201.19515991210938,-14.278010368347168,-1.0504062175750732,54.924583435058594,4.160548686981201,-17.421390533447266,12.831513404846191,-5.757340908050537,-24.624675750732422,5.369776248931885,7.8047685623168945,-17.724939346313477,-6.658710479736328,6.099486827850342,-10.174809455871582,-6.976734638214111,10.195657730102539,1.2018791437149048,-5.205159664154053,shankarabharana
44.wav,0.2865409553050995,0.11735549569129944,804.4231006298165,703.196935553777,1534.9877445708287,0.052541858824339205,-241.2791290283203,200.4265899658203,-18.302949905395508,-12.69640064239502,43.872230529785156,1.7242980003356934,-17.212947845458984,10.171574592590332,-5.96937370300293,-19.594152450561523,9.78459358215332,8.281623840332031,-18.14307975769043,-6.185970783233643,5.390573501586914,-13.390859603881836,-11.028298377990723,7.118039131164551,-1.2247629165649414,-7.6495866775512695,shankarabharana
45.wav,0.26861849427223206,0.07722678780555725,818.2507182661105,740.5257188641427,1667.7518727445486,0.05204814189189189,-305.0656433105469,208.23483276367188,-22.311246871948242,-7.063044548034668,55.05379104614258,4.238338947296143,-16.21990203857422,15.583067893981934,-4.882707595825195,-23.466320037841797,8.079858779907227,8.10289192199707,-18.071868896484375,-3.3578336238861084,10.06645679473877,-7.073307037353516,-1.6203031539916992,14.666461944580078,0.6599876284599304,-6.0327982902526855,shankarabharana
46.wav,0.28770044445991516,0.09597998112440109,798.0259507645728,747.9401592642373,1673.8152457753993,0.04759989330947136,-249.77842712402344,187.35797119140625,-13.937957763671875,-2.30739426612854,50.22990798950195,2.5764195919036865,-18.956331253051758,9.687768936157227,-5.453135967254639,-22.187780380249023,5.526045799255371,8.262045860290527,-14.821606636047363,-4.352097988128662,6.627216815948486,-10.824220657348633,-9.566319465637207,6.846309185028076,-0.5746058225631714,-5.655695915222168,shankarabharana
47.wav,0.3126962184906006,0.1263614445924759,777.5333731584882,716.3118953826388,1595.7455269565667,0.04858613539372247,-235.74462890625,215.5133514404297,-19.975360870361328,-10.195731163024902,50.449214935302734,-1.118480920791626,-23.59404182434082,10.446510314941406,-4.719156742095947,-21.821250915527344,9.639429092407227,11.190042495727539,-16.25639533996582,-5.236696720123291,6.3894548416137695,-13.15282154083252,-10.670912742614746,7.684312343597412,-2.7375311851501465,-10.819049835205078,shankarabharana
48.wav,0.29483672976493835,0.08645687997341156,786.1899163057237,755.3520815033976,1673.5248705621302,0.04810639330621302,-287.54443359375,198.93479919433594,-16.590633392333984,-1.8242406845092773,54.794166564941406,3.6257174015045166,-17.122814178466797,14.179983139038086,-4.635168552398682,-23.469383239746094,7.142719268798828,9.809650421142578,-14.659008979797363,-2.050999641418457,9.58633041381836,-9.889991760253906,-8.63001823425293,8.0377836227417,-0.20415963232517242,-3.922823190689087,shankarabharana
49.wav,0.29022595286369324,0.0714947059750557,741.3489146433669,730.5673354943393,1557.2530435677916,0.04271446934904154,-324.8992614746094,226.09864807128906,-24.55104637145996,-4.531407833099365,64.61454772949219,4.878428936004639,-21.149227142333984,16.902307510375977,-1.3502295017242432,-23.856460571289062,7.70297908782959,9.094595909118652,-19.095836639404297,-5.67335319519043,7.113753795623779,-13.399273872375488,-9.727056503295898,9.978214263916016,0.10423049330711365,-4.8087921142578125,shankarabharana
5.wav,0.34366700053215027,0.09617812931537628,1144.0688704769218,561.2720301083705,1653.4548875762196,0.09966948860336818,-252.0577850341797,216.82681274414062,-80.35322570800781,-82.20311737060547,18.659536361694336,-6.454775333404541,-38.59486770629883,-9.17164421081543,-11.426783561706543,-25.848867416381836,-1.6453508138656616,0.8120637536048889,-23.528650283813477,-11.569817543029785,6.642410755157471,-10.269363403320312,-16.66449546813965,-0.9068513512611389,-2.8659539222717285,-9.51280689239502,shankarabharana
50.wav,0.2807440757751465,0.13170833885669708,771.4455496171913,706.4928905863835,1524.2525283604452,0.047279299847793,-230.6439971923828,206.24819946289062,-18.176515579223633,-9.74099063873291,47.738704681396484,-1.217210054397583,-22.980587005615234,9.216876983642578,-5.7612504959106445,-23.01118278503418,7.829303741455078,11.15576457977295,-15.14156436920166,-4.524691104888916,8.800028800964355,-10.085015296936035,-11.193286895751953,5.6747846603393555,-2.0033280849456787,-9.34377384185791,shankarabharana
6.wav,0.2774234414100647,0.15634718537330627,1248.553728932462,540.7561466059577,1729.10285010826,0.10508751696613237,-239.1306610107422,212.0957489013672,-107.25917053222656,-94.484130859375,15.095231056213379,-15.701961517333984,-35.714385986328125,5.271756172180176,-6.311752796173096,-23.738309860229492,5.540081977844238,-1.356870174407959,-33.2344856262207,-14.664546966552734,3.4664676189422607,-16.035730361938477,-12.303330421447754,6.895556926727295,-3.790142059326172,-8.342942237854004,shankarabharana
7.wav,0.28981873393058777,0.10347427427768707,1237.1849005344575,566.6998963702064,1769.956026996692,0.10706697114248583,-275.4750671386719,203.69674682617188,-97.99202728271484,-85.80319213867188,19.038206100463867,-12.580469131469727,-38.863338470458984,-2.924165725708008,-9.819011688232422,-23.86319351196289,4.106298446655273,0.5644868016242981,-27.5922908782959,-11.166001319885254,6.900033473968506,-10.735746383666992,-11.74483871459961,2.8520867824554443,-5.122156143188477,-8.379777908325195,shankarabharana
8.wav,0.27624276280403137,0.08916358649730682,1129.2935798818962,547.5641490260143,1591.6166706538506,0.10045784177902194,-270.6656188964844,207.0034637451172,-73.5744857788086,-76.50474548339844,18.152591705322266,-0.9886086583137512,-25.66956901550293,-2.0338287353515625,-15.000521659851074,-31.222131729125977,-1.11051607131958,6.427786827087402,-18.88580894470215,-13.254547119140625,1.2411924600601196,-11.241915702819824,-13.076803207397461,-0.6585745215415955,-6.0749125480651855,-8.653000831604004,shankarabharana
9.wav,0.34779834747314453,0.07365868240594864,1208.2615979925029,552.0335608538967,1760.2936568203522,0.1086288996179966,-290.3164978027344,227.36264038085938,-91.20964813232422,-83.38031768798828,27.38111114501953,-1.2923500537872314,-28.233516693115234,6.704830169677734,-8.829797744750977,-35.39820098876953,-4.67086935043335,7.3635969161987305,-15.411529541015625,-5.130158424377441,11.185208320617676,-3.922314405441284,-6.06906270980835,5.286938667297363,-5.568953514099121,-10.174510955810547,shankarabharana
